domain_name,ips,updated_date
citymarket.coop,69.163.226.36,2014-10-13 07:00:00 UTC
chathamvillage.coop,162.209.2.155,2014-10-13 07:00:00 UTC
ceci.coop,192.104.135.11,2014-10-13 07:00:00 UTC
bahn.coop,173.193.105.242,2014-10-13 07:00:00 UTC
beatthepeak.coop,54.225.220.247,2014-10-13 07:00:00 UTC
ccrtc.coop,209.132.160.30,2014-10-13 07:00:00 UTC
connections.coop,162.159.247.195 162.159.248.195,2014-10-13 07:00:00 UTC
copyrightx.coop,66.111.4.54 66.111.4.53,2014-10-13 07:00:00 UTC
agvalley.coop,64.147.32.119,2014-10-13 07:00:00 UTC
molmatric.coop,91.146.98.115,2014-10-13 07:00:00 UTC
lacoop.coop,207.164.135.40,2014-10-13 07:00:00 UTC
auroraseconda.coop,85.235.130.46,2014-10-13 07:00:00 UTC
rec.coop,68.65.51.100,2014-10-13 07:00:00 UTC
darigoldfarms.coop,66.96.161.139,2014-10-13 07:00:00 UTC
groupecapl.coop,213.186.33.83,2014-10-13 07:00:00 UTC
comptoiragricole.coop,173.193.106.14,2014-10-13 07:00:00 UTC
remagazine.coop,74.127.88.32,2014-10-13 07:00:00 UTC
sdfcu.coop,66.96.161.152,2014-10-13 07:00:00 UTC
southwesternontario.coop,216.251.43.98,2014-10-13 07:00:00 UTC
cades.coop,81.252.52.227,2014-10-13 07:00:00 UTC
sikorskyfcu.coop,165.212.168.64,2014-10-13 07:00:00 UTC
arpege.coop,213.186.33.4,2014-10-13 07:00:00 UTC
iccaustin.coop,208.113.168.38,2014-10-13 07:00:00 UTC
enkidu.coop,198.211.119.82,2014-10-13 07:00:00 UTC
cooptravelpersonaladvisor.coop,217.10.159.135,2014-10-13 07:00:00 UTC
cooperativedirect.coop,127.0.0.1,2014-10-13 07:00:00 UTC
katene.coop,213.186.33.151,2014-10-13 07:00:00 UTC
jordancu.coop,209.90.107.131,2014-10-13 07:00:00 UTC
escoletes.coop,5.39.40.57,2014-10-13 07:00:00 UTC
fincomercio.coop,201.234.71.230,2014-10-13 07:00:00 UTC
muse.coop,91.220.197.228,2014-10-13 07:00:00 UTC
icu.coop,216.235.242.60,2014-10-13 07:00:00 UTC
kunia.coop,216.137.207.69 216.137.208.204,2014-10-13 07:00:00 UTC
funeralcare.coop,46.18.172.5,2014-10-13 07:00:00 UTC
nw-agribusiness.coop,,2014-10-13 07:00:00 UTC
crh.coop,192.185.122.232,2014-10-13 07:00:00 UTC
bkw.coop,5.150.105.46,2014-10-13 07:00:00 UTC
lecomptoir.coop,217.70.184.38,2014-10-13 07:00:00 UTC
coopconsortia.coop,217.10.159.135,2014-10-13 07:00:00 UTC
peritus.coop,95.142.164.187,2014-10-13 07:00:00 UTC
1-20media.coop,74.220.215.234,2014-10-13 07:00:00 UTC
manchesterfilm.coop,213.138.101.210,2014-10-13 07:00:00 UTC
olan.coop,82.165.116.140 2001:8d8:1000:503a:c170:7d42:aba0:502e,2014-10-13 07:00:00 UTC
ecsocial.coop,217.116.0.182,2014-10-13 07:00:00 UTC
collegecu.coop,,2014-10-13 07:00:00 UTC
vitileader.coop,217.174.207.108,2014-10-13 07:00:00 UTC
coopsco.coop,142.169.4.12,2014-10-13 07:00:00 UTC
coobomberos.coop,,2014-10-13 07:00:00 UTC
theco-operativebankgroup.coop,185.26.230.129,2014-10-13 07:00:00 UTC
libertasassistenza.coop,195.110.124.133,2014-10-13 07:00:00 UTC
beaufort.coop,80.240.94.41,2014-10-13 07:00:00 UTC
lemacchinecelibi.coop,5.144.168.1,2014-10-13 07:00:00 UTC
chip.coop,,2014-10-13 07:00:00 UTC
centralcoop.coop,74.208.52.217,2014-10-13 07:00:00 UTC
cestunchoix.coop,,2014-10-13 07:00:00 UTC
cspcu.coop,207.91.146.170,2014-10-13 07:00:00 UTC
clm.coop,,2014-10-13 07:00:00 UTC
cooperation.coop,80.92.90.41,2014-10-13 07:00:00 UTC
ivueappsuite.coop,,2014-10-13 07:00:00 UTC
cutitle.coop,209.160.24.64,2014-10-13 07:00:00 UTC
heizoel.coop,80.92.90.41,2014-10-13 07:00:00 UTC
britannia.coop,,2014-10-13 07:00:00 UTC
mdms.coop,,2014-10-13 07:00:00 UTC
cidcoop.coop,217.76.142.127,2014-10-13 07:00:00 UTC
actelgrup.coop,95.130.48.33,2014-10-13 07:00:00 UTC
abr74.coop,,2014-10-13 07:00:00 UTC
ems.coop,217.10.159.100,2014-10-13 07:00:00 UTC
supercard.coop,80.92.90.41,2014-10-13 07:00:00 UTC
fairfaxcu.coop,64.74.187.60,2014-10-13 07:00:00 UTC
minnesota-elderberry.coop,98.139.135.198,2014-10-13 07:00:00 UTC
ljec.coop,162.209.38.36,2014-10-13 07:00:00 UTC
tokyogak.coop,210.188.195.44,2014-10-13 07:00:00 UTC
connectnreca.coop,173.193.106.14,2014-10-13 07:00:00 UTC
zenrosai-kagawa.coop,180.222.81.63,2014-10-13 07:00:00 UTC
njpa.coop,,2014-10-13 07:00:00 UTC
tradeservices.coop,,2014-10-13 07:00:00 UTC
kim.coop,69.90.110.56,2014-10-13 07:00:00 UTC
odec.coop,63.68.155.135,2014-10-13 07:00:00 UTC
cochabamba.coop,173.193.105.246,2014-10-13 07:00:00 UTC
raborealestate.coop,,2014-10-13 07:00:00 UTC
opciones.coop,217.76.128.221,2014-10-13 07:00:00 UTC
midamerican.coop,50.31.31.153,2014-10-13 07:00:00 UTC
cavatoricanalgrande.coop,5.249.130.242,2014-10-13 07:00:00 UTC
greenbelt.coop,66.147.244.105,2014-10-13 07:00:00 UTC
trustschool.coop,82.165.93.212,2014-10-13 07:00:00 UTC
loveyourhome.coop,185.26.230.129,2014-10-13 07:00:00 UTC
co-opon.coop,217.10.159.135,2014-10-13 07:00:00 UTC
incontro.coop,85.25.206.5,2014-10-13 07:00:00 UTC
caring.coop,69.31.163.91,2014-10-13 07:00:00 UTC
arba.coop,212.51.177.1,2014-10-13 07:00:00 UTC
delta.coop,86.109.100.118,2014-10-13 07:00:00 UTC
co-opchemistdirect.coop,,2014-10-13 07:00:00 UTC
boomerconcierge.coop,,2014-10-13 07:00:00 UTC
elfo.coop,2.228.22.234,2014-10-13 07:00:00 UTC
coopaca.coop,,2014-10-13 07:00:00 UTC
chatt.coop,64.74.187.60,2014-10-13 07:00:00 UTC
hazelhurst.coop,81.95.52.79,2014-10-13 07:00:00 UTC
fcsdsq.coop,207.253.182.18,2014-10-13 07:00:00 UTC
hometowncu.coop,67.210.88.55,2014-10-13 07:00:00 UTC
ticket.coop,109.236.94.119,2014-10-13 07:00:00 UTC
agrariavalles.coop,188.93.77.149 0:0:0:0:0:0:c34d:7408,2014-10-13 07:00:00 UTC
serviceconcepts.coop,64.92.121.25,2014-10-13 07:00:00 UTC
5pointcu.coop,66.96.161.129,2014-10-13 07:00:00 UTC
co-operativeenergyclub.coop,217.10.159.135,2014-10-13 07:00:00 UTC
barranquitas.coop,173.193.105.243,2014-10-13 07:00:00 UTC
tworivers.coop,66.112.153.1,2014-10-13 07:00:00 UTC
farmfriends.coop,,2014-10-13 07:00:00 UTC
coopnature.coop,217.70.184.38,2014-10-13 07:00:00 UTC
ejcc.coop,50.22.11.19,2014-10-13 07:00:00 UTC
community.coop,209.240.68.25,2014-10-13 07:00:00 UTC
cooperativerenewables.coop,79.170.44.86,2014-10-13 07:00:00 UTC
co-operativepower.coop,127.0.0.1,2014-10-13 07:00:00 UTC
cal.coop,78.109.168.152,2014-10-13 07:00:00 UTC
ect.coop,199.204.138.208,2014-10-13 07:00:00 UTC
creagora.coop,72.55.186.26,2014-10-13 07:00:00 UTC
bettybossi.coop,80.92.90.41,2014-10-13 07:00:00 UTC
prtc.coop,192.249.112.231,2014-10-13 07:00:00 UTC
collegehouses.coop,66.96.161.140,2014-10-13 07:00:00 UTC
beavercreek.coop,198.20.70.218,2014-10-13 07:00:00 UTC
aer.coop,87.106.77.128,2014-10-13 07:00:00 UTC
ahcu.coop,67.228.162.194,2014-10-13 07:00:00 UTC
citypairs.coop,193.135.167.113,2014-10-13 07:00:00 UTC
diesel.coop,,2014-10-13 07:00:00 UTC
canola.coop,,2014-10-13 07:00:00 UTC
wiserider.coop,173.193.105.243,2014-10-13 07:00:00 UTC
masdenoguera.coop,87.98.229.220,2014-10-13 07:00:00 UTC
sydes.coop,,2014-10-13 07:00:00 UTC
organicsoy.coop,,2014-10-13 07:00:00 UTC
cadm.coop,191.234.148.26,2014-10-13 07:00:00 UTC
rgec.coop,,2014-10-13 07:00:00 UTC
remax.coop,,2014-10-13 07:00:00 UTC
katudgevik.coop,173.193.105.245,2014-10-13 07:00:00 UTC
trustyamigos.coop,66.155.11.238 76.74.254.120 76.74.254.123 192.0.80.250 192.0.81.250 66.155.9.238,2014-10-13 07:00:00 UTC
theco-operativebankinggroup.coop,185.26.230.129,2014-10-13 07:00:00 UTC
coopscooutaouais.coop,142.169.4.12,2014-10-13 07:00:00 UTC
recc.coop,208.80.144.110,2014-10-13 07:00:00 UTC
cuylm.coop,66.155.11.238 76.74.254.120 76.74.254.123 192.0.80.250 192.0.81.250 66.155.9.238,2014-10-13 07:00:00 UTC
cooptravelpersonaladvisors.coop,217.10.159.135,2014-10-13 07:00:00 UTC
music.coop,199.175.106.74,2014-10-13 07:00:00 UTC
icua.coop,209.161.20.156,2014-10-13 07:00:00 UTC
compton.coop,207.164.135.40,2014-10-13 07:00:00 UTC
groupecoopreleve.coop,173.193.106.11,2014-10-13 07:00:00 UTC
leconsortium.coop,192.95.8.38,2014-10-13 07:00:00 UTC
enostra.coop,151.1.182.16,2014-10-13 07:00:00 UTC
arquetipo.coop,134.0.10.119,2014-10-13 07:00:00 UTC
coopconsortium.coop,217.10.159.135,2014-10-13 07:00:00 UTC
permaculture.coop,104.28.6.24 104.28.7.24 2400:cb00:2048:1:0:0:681c:618 2400:cb00:2048:1:0:0:681c:718,2014-10-13 07:00:00 UTC
lemat.coop,173.193.105.242,2014-10-13 07:00:00 UTC
blachlylane.coop,207.55.17.142,2014-10-13 07:00:00 UTC
pal-system.coop,,2014-10-13 07:00:00 UTC
libertymutual.coop,192.185.122.142,2014-10-13 07:00:00 UTC
lacoopdesmonteregiennes.coop,207.164.135.40,2014-10-13 07:00:00 UTC
cooperation2011.coop,74.220.215.234,2014-10-13 07:00:00 UTC
clockwise.coop,146.255.6.77,2014-10-13 07:00:00 UTC
data.coop,193.106.165.65,2014-10-13 07:00:00 UTC
manchesterfood.coop,184.168.18.1,2014-10-13 07:00:00 UTC
coloc.coop,74.220.215.234,2014-10-13 07:00:00 UTC
coreapc.coop,178.33.14.85,2014-10-13 07:00:00 UTC
nwcdc.coop,68.233.165.248,2014-10-13 07:00:00 UTC
sikorskyfederalcreditunion.coop,,2014-10-13 07:00:00 UTC
csqca.coop,,2014-10-13 07:00:00 UTC
incontrol-evolution.coop,79.125.26.158,2014-10-13 07:00:00 UTC
chippewavalley.coop,216.222.171.2,2014-10-13 07:00:00 UTC
hbotisfcu.coop,173.193.105.243,2014-10-13 07:00:00 UTC
zenrosai-kagoshima.coop,180.222.81.63,2014-10-13 07:00:00 UTC
farmhousekitchens.coop,23.236.62.147,2014-10-13 07:00:00 UTC
loveyourhouse.coop,185.26.230.129,2014-10-13 07:00:00 UTC
cave.coop,79.170.44.115,2014-10-13 07:00:00 UTC
hometownharvest.coop,162.219.194.12,2014-10-13 07:00:00 UTC
co-oponlinedoctor.coop,217.10.159.135,2014-10-13 07:00:00 UTC
opcions.coop,217.76.128.221,2014-10-13 07:00:00 UTC
libertyshipcafe.coop,66.147.244.226,2014-10-13 07:00:00 UTC
symbiotic.coop,205.204.73.202 2605:9000:402:6a17:0:0:0:61,2014-10-13 07:00:00 UTC
theco-operativedirect.coop,127.0.0.1,2014-10-13 07:00:00 UTC
diesis.coop,93.95.219.78,2014-10-13 07:00:00 UTC
coocreser.coop,190.90.160.70,2014-10-13 07:00:00 UTC
tworiversks.coop,54.243.30.66 23.21.68.31,2014-10-13 07:00:00 UTC
rgm.coop,194.247.28.46,2014-10-13 07:00:00 UTC
personalbranch.coop,69.58.186.114,2014-10-13 07:00:00 UTC
kauairenewablesolutions.coop,173.193.105.244,2014-10-13 07:00:00 UTC
hbtelcofcu.coop,192.185.191.50,2014-10-13 07:00:00 UTC
cooperationagricole.coop,92.103.166.45,2014-10-13 07:00:00 UTC
rgtc.coop,68.65.51.100,2014-10-13 07:00:00 UTC
incontrolevolution.coop,127.0.0.1,2014-10-13 07:00:00 UTC
coopseguros.coop,162.222.225.82,2014-10-13 07:00:00 UTC
hometruths.coop,5.100.152.24,2014-10-13 07:00:00 UTC
open.coop,93.95.225.242,2014-10-13 07:00:00 UTC
dig.coop,67.217.100.75,2014-10-13 07:00:00 UTC
libraries.coop,64.69.93.200,2014-10-13 07:00:00 UTC
theco-operativeenergy.coop,217.10.159.135,2014-10-13 07:00:00 UTC
indaco.coop,109.168.109.226,2014-10-13 07:00:00 UTC
synergies.coop,91.121.25.113,2014-10-13 07:00:00 UTC
openfarmsunday.coop,54.208.43.161,2014-10-13 07:00:00 UTC
zenrosai-kouchi.coop,180.222.81.63,2014-10-13 07:00:00 UTC
libre.coop,108.59.11.121 2604:9a00:2010:a005:1:0:0:9c,2014-10-13 07:00:00 UTC
lacoope.coop,200.26.107.82,2014-10-13 07:00:00 UTC
emulti.coop,176.63.203.21,2014-10-13 07:00:00 UTC
digital.coop,210.136.175.41,2014-10-13 07:00:00 UTC
gardensofeagan.coop,173.203.199.88,2014-10-13 07:00:00 UTC
donottaxmycreditunion.coop,66.228.53.58,2014-10-13 07:00:00 UTC
theco-operativefuneral-care.coop,46.18.172.5,2014-10-13 07:00:00 UTC
buyeandi.coop,65.51.179.84,2014-10-13 07:00:00 UTC
slcu.coop,173.193.106.10,2014-10-13 07:00:00 UTC
kawaguchi-clinic.coop,203.183.6.73,2014-10-13 07:00:00 UTC
independent.coop,217.199.23.137,2014-10-13 07:00:00 UTC
eurocoopbanks.coop,173.193.105.242,2014-10-13 07:00:00 UTC
formationsig.coop,173.193.106.14,2014-10-13 07:00:00 UTC
femelectric.coop,216.235.160.56,2014-10-13 07:00:00 UTC
frequency.coop,173.193.105.246,2014-10-13 07:00:00 UTC
flights.coop,173.193.105.242,2014-10-13 07:00:00 UTC
spurfcu.coop,64.74.187.110,2014-10-13 07:00:00 UTC
ruralconnect.coop,204.145.144.4,2014-10-13 07:00:00 UTC
norval.coop,216.235.160.56,2014-10-13 07:00:00 UTC
hillcrestcommunity.coop,199.34.228.56,2014-10-13 07:00:00 UTC
hughgarner.coop,208.91.198.55,2014-10-13 07:00:00 UTC
schoolsonlinebanking.coop,173.193.106.12,2014-10-13 07:00:00 UTC
robertowen2008.coop,137.44.1.12,2014-10-13 07:00:00 UTC
nceasterncoops.coop,50.57.28.127,2014-10-13 07:00:00 UTC
sugarcane.coop,192.185.158.101,2014-10-13 07:00:00 UTC
newvision.coop,66.112.153.1,2014-10-13 07:00:00 UTC
prairielakeestates.coop,199.34.228.58,2014-10-13 07:00:00 UTC
parkhill.coop,199.34.228.56,2014-10-13 07:00:00 UTC
pvrea.coop,173.193.106.10,2014-10-13 07:00:00 UTC
pioneerelectric.coop,206.155.92.61,2014-10-13 07:00:00 UTC
prime-wayfcu.coop,173.193.105.244,2014-10-13 07:00:00 UTC
coopcostruzioni.coop,91.206.74.28,2014-10-13 07:00:00 UTC
coopgeneral.coop,173.193.105.243,2014-10-13 07:00:00 UTC
shares.coop,208.91.198.55,2014-10-13 07:00:00 UTC
cooperatorsinsuranceservices.coop,173.193.105.243,2014-10-13 07:00:00 UTC
ourharvest.coop,184.106.62.91,2014-10-13 07:00:00 UTC
somec.coop,173.193.105.245,2014-10-13 07:00:00 UTC
valleyelectric.coop,12.14.248.2,2014-10-13 07:00:00 UTC
tasiujaq.coop,207.96.246.22,2014-10-13 07:00:00 UTC
hillmanhousing.coop,66.96.161.151,2014-10-13 07:00:00 UTC
thecooperativeemployeebenefits.coop,217.10.138.16,2014-10-13 07:00:00 UTC
social-in3.coop,84.16.89.187,2014-10-13 07:00:00 UTC
thekitchen.coop,162.222.226.194,2014-10-13 07:00:00 UTC
prairiepower.coop,71.173.211.201,2014-10-13 07:00:00 UTC
ruralelectric.coop,68.65.51.100,2014-10-13 07:00:00 UTC
sants.coop,181.224.138.70,2014-10-13 07:00:00 UTC
zenrosai-kumamoto.coop,180.222.81.63,2014-10-13 07:00:00 UTC
cecil.coop,217.172.136.99,2014-10-13 07:00:00 UTC
primeraturf.coop,173.230.142.129,2014-10-13 07:00:00 UTC
theco-operativegreenschools.coop,127.0.0.1,2014-10-13 07:00:00 UTC
gvinc.coop,23.21.68.31 54.243.30.66,2014-10-13 07:00:00 UTC
alfalfaelectric.coop,184.178.47.174,2014-10-13 07:00:00 UTC
sanvicente.coop,184.106.55.101,2014-10-13 07:00:00 UTC
schpc.coop,97.74.144.16,2014-10-13 07:00:00 UTC
pvsquared.coop,107.170.170.166,2014-10-13 07:00:00 UTC
floral.coop,165.160.15.20 165.160.13.20,2014-10-13 07:00:00 UTC
somenergia.coop,94.23.31.144,2014-10-13 07:00:00 UTC
pioneers.coop,185.26.230.129,2014-10-13 07:00:00 UTC
sugarcanegrowers.coop,209.160.74.151,2014-10-13 07:00:00 UTC
floridacentral.coop,208.35.184.37,2014-10-13 07:00:00 UTC
shareyourexperiences.coop,46.18.172.10,2014-10-13 07:00:00 UTC
sdrea.coop,96.2.197.30,2014-10-13 07:00:00 UTC
pioneervalley.coop,207.97.212.147,2014-10-13 07:00:00 UTC
lacoopeencasa.coop,200.26.107.83,2014-10-13 07:00:00 UTC
cecjobs.coop,213.146.143.251,2014-10-13 07:00:00 UTC
primerodemayo.coop,217.70.184.38,2014-10-13 07:00:00 UTC
somerset.coop,216.239.36.21 216.239.38.21 216.239.32.21,2014-10-13 07:00:00 UTC
alhambracu.coop,74.204.78.185,2014-10-13 07:00:00 UTC
kawaru-seikyou.coop,203.189.109.243,2014-10-13 07:00:00 UTC
saos.coop,88.208.252.203,2014-10-13 07:00:00 UTC
pipp.coop,184.106.55.18,2014-10-13 07:00:00 UTC
sharonview.coop,80.72.128.45,2014-10-13 07:00:00 UTC
gws-wohnen.coop,130.185.108.125,2014-10-13 07:00:00 UTC
coopcp.coop,200.50.161.253,2014-10-13 07:00:00 UTC
scic.coop,212.85.128.39,2014-10-13 07:00:00 UTC
femoba.coop,200.110.132.180,2014-10-13 07:00:00 UTC
alianza.coop,98.129.229.219,2014-10-13 07:00:00 UTC
kawvalleyelectric.coop,50.57.28.127,2014-10-13 07:00:00 UTC
sharonviewfcu.coop,80.72.128.45,2014-10-13 07:00:00 UTC
fenestra.coop,216.251.43.98,2014-10-13 07:00:00 UTC
zenrosai-miyazaki.coop,180.222.81.63,2014-10-13 07:00:00 UTC
lacooperationagricole.coop,92.103.166.50,2014-10-13 07:00:00 UTC
sommet.coop,72.52.10.14,2014-10-13 07:00:00 UTC
sapec.coop,91.121.112.10,2014-10-13 07:00:00 UTC
pironegawatt.coop,82.98.146.2,2014-10-13 07:00:00 UTC
kayelectric.coop,162.209.38.36,2014-10-13 07:00:00 UTC
scicmidipyrenees.coop,212.85.128.39,2014-10-13 07:00:00 UTC
sul.coop,112.175.50.237,2014-10-13 07:00:00 UTC
scil.coop,46.105.164.36 2001:41d0:2:c701:0:0:0:1,2014-10-13 07:00:00 UTC
newway.coop,183.111.141.53,2014-10-13 07:00:00 UTC
sommetinter.coop,64.254.18.129,2014-10-13 07:00:00 UTC
coopcredit.coop,217.13.117.233,2014-10-13 07:00:00 UTC
sheffield.coop,81.95.52.102,2014-10-13 07:00:00 UTC
sommetinter2012.coop,72.52.10.14,2014-10-13 07:00:00 UTC
sciremc.coop,173.193.105.242,2014-10-13 07:00:00 UTC
journal.coop,209.44.112.66,2014-10-13 07:00:00 UTC
broadband.coop,82.71.204.26,2014-10-13 07:00:00 UTC
shelbyelectric.coop,98.129.229.60,2014-10-13 07:00:00 UTC
minnesotacreditunions.coop,173.193.105.245,2014-10-13 07:00:00 UTC
sapie.coop,80.67.160.70,2014-10-13 07:00:00 UTC
newyorkworker.coop,208.90.215.75,2014-10-13 07:00:00 UTC
escuela2.coop,173.193.105.244,2014-10-13 07:00:00 UTC
iccic-gungho.coop,173.193.106.13,2014-10-13 07:00:00 UTC
arbequina.coop,216.92.135.219,2014-10-13 07:00:00 UTC
cie.coop,68.168.123.178,2014-10-13 07:00:00 UTC
gyouda-clinic.coop,203.183.32.57,2014-10-13 07:00:00 UTC
organicvalley.coop,23.92.233.199,2014-10-13 07:00:00 UTC
zenrosai-nagasaki.coop,180.222.81.63,2014-10-13 07:00:00 UTC
mustardseed.coop,76.74.254.123 192.0.80.250 192.0.81.250 66.155.9.238 66.155.11.238 76.74.254.120,2014-10-13 07:00:00 UTC
shelbywb.coop,216.163.121.59,2014-10-13 07:00:00 UTC
tidalcreek.coop,208.113.169.73,2014-10-13 07:00:00 UTC
coopdanmark.coop,185.26.230.130,2014-10-13 07:00:00 UTC
fairfield.coop,206.155.92.20,2014-10-13 07:00:00 UTC
groupedesjardins.coop,72.52.10.14,2014-10-13 07:00:00 UTC
beyondbroadband.coop,81.95.52.80,2014-10-13 07:00:00 UTC
co-operativeenterprise.coop,66.29.208.61,2014-10-13 07:00:00 UTC
centralcu.coop,67.208.90.131,2014-10-13 07:00:00 UTC
ecto.coop,69.55.229.83,2014-10-13 07:00:00 UTC
mea.coop,173.254.13.189,2014-10-13 07:00:00 UTC
abundance.coop,64.238.192.70,2014-10-13 07:00:00 UTC
cochf.coop,192.254.236.149,2014-10-13 07:00:00 UTC
kimik.coop,173.193.105.242,2014-10-13 07:00:00 UTC
icdc.coop,216.250.186.65,2014-10-13 07:00:00 UTC
icul.coop,50.73.104.160,2014-10-13 07:00:00 UTC
comradity.coop,173.193.106.12,2014-10-13 07:00:00 UTC
cooperativerental.coop,127.0.0.1,2014-10-13 07:00:00 UTC
ahec.coop,64.111.45.100,2014-10-13 07:00:00 UTC
lecooperateur.coop,216.208.69.173,2014-10-13 07:00:00 UTC
odsupport.coop,31.222.130.138,2014-10-13 07:00:00 UTC
groupefinancierd.coop,72.52.10.14,2014-10-13 07:00:00 UTC
sum.coop,162.251.80.22,2014-10-13 07:00:00 UTC
coopaccounting.coop,140.184.59.33,2014-10-13 07:00:00 UTC
greenbeltelectric.coop,50.57.28.127,2014-10-13 07:00:00 UTC
broadfork.coop,65.39.205.61,2014-10-13 07:00:00 UTC
iculeague.coop,216.146.46.11 216.146.46.10,2014-10-13 07:00:00 UTC
funeralcooperativeofottawa.coop,173.254.28.38,2014-10-13 07:00:00 UTC
llec.coop,50.57.28.127,2014-10-13 07:00:00 UTC
blackboston.coop,173.193.105.241,2014-10-13 07:00:00 UTC
ciec.coop,208.91.198.170,2014-10-13 07:00:00 UTC
fincoop.coop,,2014-10-13 07:00:00 UTC
h-delectric.coop,216.235.160.56,2014-10-13 07:00:00 UTC
coopgerminal.coop,149.62.169.35,2014-10-13 07:00:00 UTC
sommetintersalon.coop,201.76.51.228,2014-10-13 07:00:00 UTC
groupefinancierdesjardins.coop,72.52.10.14,2014-10-13 07:00:00 UTC
mon-compte-phara.coop,85.12.144.3,2014-10-13 07:00:00 UTC
pvt.coop,174.121.246.162,2014-10-13 07:00:00 UTC
tiendacoopcafam.coop,23.229.231.71,2014-10-13 07:00:00 UTC
mutualadvantage.coop,173.193.105.243,2014-10-13 07:00:00 UTC
truthaboutyouth.coop,127.0.0.1,2014-10-13 07:00:00 UTC
deltaepa.coop,,2014-10-13 07:00:00 UTC
loveyourmotor.coop,185.26.230.129,2014-10-13 07:00:00 UTC
funeralnet.coop,184.107.175.242,2014-10-13 07:00:00 UTC
beyondcare.coop,64.95.78.122,2014-10-13 07:00:00 UTC
aerarium.coop,80.92.65.212,2014-10-13 07:00:00 UTC
abundantearth.coop,199.34.228.59,2014-10-13 07:00:00 UTC
coopdefrance-alpesmediterranee.coop,87.98.134.193,2014-10-13 07:00:00 UTC
centralec.coop,216.235.160.56,2014-10-13 07:00:00 UTC
remembered-forever.coop,,2014-10-13 07:00:00 UTC
manchesterfoodcoop.coop,64.95.78.91,2014-10-13 07:00:00 UTC
colopowerproject.coop,198.176.183.9,2014-10-13 07:00:00 UTC
orgasoft.coop,145.253.178.132,2014-10-13 07:00:00 UTC
ahoy.coop,208.90.215.75,2014-10-13 07:00:00 UTC
broadriverelectric.coop,50.57.28.127,2014-10-13 07:00:00 UTC
recinfocenter.coop,,2014-10-13 07:00:00 UTC
ivujivik.coop,,2014-10-13 07:00:00 UTC
co-operativeesourcing.coop,93.95.9.132,2014-10-13 07:00:00 UTC
midata.coop,,2014-10-13 07:00:00 UTC
elfuturescooperatiu.coop,,2014-10-13 07:00:00 UTC
agraries.coop,213.98.169.16,2014-10-13 07:00:00 UTC
boomersolutionscooperative.coop,,2014-10-13 07:00:00 UTC
fairfieldelectric.coop,66.96.161.137,2014-10-13 07:00:00 UTC
greenbelthomes.coop,66.96.161.158,2014-10-13 07:00:00 UTC
cooperativerentals.coop,127.0.0.1,2014-10-13 07:00:00 UTC
aerospaceconference.coop,66.96.161.128,2014-10-13 07:00:00 UTC
orientacionyseguridad.coop,107.23.132.196,2014-10-13 07:00:00 UTC
tradeunion.coop,81.19.188.86,2014-10-13 07:00:00 UTC
superdividend.coop,217.10.138.20,2014-10-13 07:00:00 UTC
aurrenak.coop,,2014-10-13 07:00:00 UTC
odyssee-creation.coop,213.186.33.2,2014-10-13 07:00:00 UTC
reclaim-fund.coop,185.26.230.129,2014-10-13 07:00:00 UTC
kine.coop,85.94.216.218,2014-10-13 07:00:00 UTC
suma.coop,89.145.74.25,2014-10-13 07:00:00 UTC
find.coop,97.107.140.105,2014-10-13 07:00:00 UTC
sdvalueadded.coop,208.88.242.80,2014-10-13 07:00:00 UTC
ciesseci.coop,83.222.250.124,2014-10-13 07:00:00 UTC
centralelectric.coop,173.193.106.11,2014-10-13 07:00:00 UTC
midatlanticcorporatesucks.coop,66.96.161.150,2014-10-13 07:00:00 UTC
brockley.coop,62.146.12.90,2014-10-13 07:00:00 UTC
cet.coop,,2014-10-13 07:00:00 UTC
coopacvn.coop,66.23.231.226,2014-10-13 07:00:00 UTC
farmland-insurance.coop,,2014-10-13 07:00:00 UTC
zenrosai-oita.coop,180.222.81.63,2014-10-13 07:00:00 UTC
coloradocountrylife.coop,50.87.150.6,2014-10-13 07:00:00 UTC
mon-compte-php.coop,85.12.144.3,2014-10-13 07:00:00 UTC
civil.coop,164.138.208.184,2014-10-13 07:00:00 UTC
booneelectric.coop,162.209.38.36,2014-10-13 07:00:00 UTC
rememberedforever.coop,217.10.159.135,2014-10-13 07:00:00 UTC
manchestermasterplan.coop,46.18.172.5,2014-10-13 07:00:00 UTC
lemilleeunanotte.coop,,2014-10-13 07:00:00 UTC
aibc-es.coop,194.150.236.244,2014-10-13 07:00:00 UTC
cloud.coop,,2014-10-13 07:00:00 UTC
chce.coop,74.120.223.26,2014-10-13 07:00:00 UTC
trianglecu.coop,,2014-10-13 07:00:00 UTC
co-operativeesourcingtest.coop,127.0.0.1,2014-10-13 07:00:00 UTC
personalplus.coop,,2014-10-13 07:00:00 UTC
eli.coop,63.252.30.100,2014-10-13 07:00:00 UTC
actif.coop,,2014-10-13 07:00:00 UTC
agreos.coop,212.85.128.39,2014-10-13 07:00:00 UTC
kutmb.coop,112.137.162.105,2014-10-13 07:00:00 UTC
memberzone.coop,63.68.155.143,2014-10-13 07:00:00 UTC
enreda.coop,5.135.93.97,2014-10-13 07:00:00 UTC
csrroma.coop,,2014-10-13 07:00:00 UTC
coupdecircuit.coop,64.15.74.198,2014-10-13 07:00:00 UTC
co-oppharmacy.coop,,2014-10-13 07:00:00 UTC
coodecom.coop,,2014-10-13 07:00:00 UTC
lpa.coop,220.213.228.11,2014-10-13 07:00:00 UTC
donottaxmycu.coop,66.228.53.58,2014-10-13 07:00:00 UTC
reclaimfund.coop,185.26.230.129,2014-10-13 07:00:00 UTC
homeworks.coop,,2014-10-13 07:00:00 UTC
sea.coop,208.91.199.233,2014-10-13 07:00:00 UTC
valleyfield.coop,142.169.4.12,2014-10-13 07:00:00 UTC
nlfc.coop,192.254.198.191,2014-10-13 07:00:00 UTC
durable.coop,,2014-10-13 07:00:00 UTC
forocoop.coop,82.194.75.129,2014-10-13 07:00:00 UTC
auscamfcs.coop,192.190.86.93,2014-10-13 07:00:00 UTC
mandate.coop,46.18.172.5,2014-10-13 07:00:00 UTC
midatlanticcorpsucks.coop,66.96.161.150,2014-10-13 07:00:00 UTC
pal.coop,,2014-10-13 07:00:00 UTC
triangleinsurance.coop,173.193.105.244,2014-10-13 07:00:00 UTC
booneremc.coop,98.129.245.138,2014-10-13 07:00:00 UTC
carlos-heller.coop,200.47.24.16,2014-10-13 07:00:00 UTC
saint-alexandre.coop,,2014-10-13 07:00:00 UTC
opengroup.coop,,2014-10-13 07:00:00 UTC
action.coop,74.209.253.27,2014-10-13 07:00:00 UTC
brooklyn.coop,50.63.172.64,2014-10-13 07:00:00 UTC
genossenschaftsbewegung.coop,,2014-10-13 07:00:00 UTC
cullmanenergy.coop,173.193.105.246,2014-10-13 07:00:00 UTC
inoxcrom.coop,,2014-10-13 07:00:00 UTC
co-operativeevents.coop,46.18.172.5,2014-10-13 07:00:00 UTC
gardinerfood.coop,76.74.254.120 76.74.254.123 192.0.80.250 192.0.81.250 66.155.9.238 66.155.11.238,2014-10-13 07:00:00 UTC
madhulmills.coop,,2014-10-13 07:00:00 UTC
myspiritcard.coop,,2014-10-13 07:00:00 UTC
nepal.coop,,2014-10-13 07:00:00 UTC
peachstatefcu.coop,,2014-10-13 07:00:00 UTC
aibc.coop,212.85.128.39,2014-10-13 07:00:00 UTC
cooperatorsinvestment.coop,173.193.105.246,2014-10-13 07:00:00 UTC
motorinsurance.coop,,2014-10-13 07:00:00 UTC
farmlands.coop,173.193.105.243,2014-10-13 07:00:00 UTC
mycumortgagepartners.coop,,2014-10-13 07:00:00 UTC
goodthings.coop,,2014-10-13 07:00:00 UTC
renacer.coop,64.15.156.100,2014-10-13 07:00:00 UTC
centralenergy.coop,205.162.237.245,2014-10-13 07:00:00 UTC
coopnepal.coop,192.185.182.178,2014-10-13 07:00:00 UTC
hillsborofood.coop,173.254.28.133,2014-10-13 07:00:00 UTC
ip.coop,,2014-10-13 07:00:00 UTC
gle.coop,,2014-10-13 07:00:00 UTC
emun.coop,,2014-10-13 07:00:00 UTC
elision-services.coop,212.85.128.39,2014-10-13 07:00:00 UTC
poolecreek.coop,,2014-10-13 07:00:00 UTC
coopservice.coop,,2014-10-13 07:00:00 UTC
ourjobs.coop,89.234.42.227,2014-10-13 07:00:00 UTC
thecooperativeenergy.coop,217.10.159.135,2014-10-13 07:00:00 UTC
agresta.coop,144.76.114.185,2014-10-13 07:00:00 UTC
reclaimfundltd.coop,185.26.230.129,2014-10-13 07:00:00 UTC
openharvest.coop,198.252.107.14,2014-10-13 07:00:00 UTC
coopadev.coop,212.85.128.39,2014-10-13 07:00:00 UTC
segurcoopreaseguros.coop,,2014-10-13 07:00:00 UTC
parkplaza.coop,199.34.228.57,2014-10-13 07:00:00 UTC
sait.coop,80.72.128.45,2014-10-13 07:00:00 UTC
zenrosai-okayama.coop,180.222.81.63,2014-10-13 07:00:00 UTC
palantecleaning.coop,64.95.78.9,2014-10-13 07:00:00 UTC
farmlandtrust.coop,209.240.68.25,2014-10-13 07:00:00 UTC
huhezi.coop,,2014-10-13 07:00:00 UTC
valleyfood.coop,192.185.140.88,2014-10-13 07:00:00 UTC
midcounties.coop,217.10.159.73,2014-10-13 07:00:00 UTC
madisoncommunity.coop,66.147.244.196,2014-10-13 07:00:00 UTC
cultivate.coop,68.233.165.253,2014-10-13 07:00:00 UTC
actionplan.coop,68.233.165.248,2014-10-13 07:00:00 UTC
mandatestore.coop,194.28.125.10,2014-10-13 07:00:00 UTC
palantetech.coop,209.51.163.7,2014-10-13 07:00:00 UTC
austincooperatives.coop,206.123.104.215,2014-10-13 07:00:00 UTC
genossenschaftsverband.coop,80.237.237.140,2014-10-13 07:00:00 UTC
forokoop.coop,212.4.96.130,2014-10-13 07:00:00 UTC
co-operativeflexiblebenefit.coop,217.10.159.135,2014-10-13 07:00:00 UTC
rgvcreditunion.coop,209.128.102.166,2014-10-13 07:00:00 UTC
huia.coop,50.23.218.100,2014-10-13 07:00:00 UTC
theco-operativegreenschoolsrevolution.coop,,2014-10-13 07:00:00 UTC
primeway.coop,173.193.105.244,2014-10-13 07:00:00 UTC
poolretailers.coop,216.37.94.134,2014-10-13 07:00:00 UTC
goodwithenergy.coop,217.10.159.135,2014-10-13 07:00:00 UTC
rencontres-montblanc.coop,37.187.56.83,2014-10-13 07:00:00 UTC
valleygreenfeast.coop,192.200.179.1,2014-10-13 07:00:00 UTC
centralengland.coop,149.5.81.40,2014-10-13 07:00:00 UTC
coopseurope.coop,148.251.6.50,2014-10-13 07:00:00 UTC
frescoop.coop,217.76.130.148,2014-10-13 07:00:00 UTC
coopadom.coop,213.186.33.19,2014-10-13 07:00:00 UTC
thecooperativefuneral-care.coop,46.18.172.5,2014-10-13 07:00:00 UTC
hon.coop,211.13.196.131,2014-10-13 07:00:00 UTC
primewayfcu.coop,173.193.105.244,2014-10-13 07:00:00 UTC
madisonmarket.coop,74.208.52.217,2014-10-13 07:00:00 UTC
australia.coop,74.220.215.234,2014-10-13 07:00:00 UTC
durangonaturalfoods.coop,69.16.242.92,2014-10-13 07:00:00 UTC
rgvcu.coop,209.128.102.166,2014-10-13 07:00:00 UTC
pitsiulak.coop,173.193.106.12,2014-10-13 07:00:00 UTC
socialbusiness.coop,203.13.164.224,2014-10-13 07:00:00 UTC
co-operativeflexiblebenefits.coop,217.10.159.135,2014-10-13 07:00:00 UTC
alianzacpa.coop,,2014-10-13 07:00:00 UTC
humananova.coop,217.10.159.100,2014-10-13 07:00:00 UTC
forsakring.coop,54.213.145.72,2014-10-13 07:00:00 UTC
lasegunda.coop,,2014-10-13 07:00:00 UTC
renewable.coop,64.92.110.93,2014-10-13 07:00:00 UTC
madriverglen.coop,65.61.189.80,2014-10-13 07:00:00 UTC
theco-operativegroup.coop,193.133.58.234,2014-10-13 07:00:00 UTC
valleynaturalfoods.coop,69.36.190.150,2014-10-13 07:00:00 UTC
zenrosai-okinawa.coop,180.222.81.63,2014-10-13 07:00:00 UTC
goodwithfood.coop,46.18.172.5,2014-10-13 07:00:00 UTC
centralenglandco-op.coop,165.160.13.20 165.160.15.20,2014-10-13 07:00:00 UTC
manhattan.coop,54.243.30.66 23.21.68.31,2014-10-13 07:00:00 UTC
friendlycity.coop,69.89.31.160,2014-10-13 07:00:00 UTC
coodelmar.coop,50.87.11.204,2014-10-13 07:00:00 UTC
thecooperativefuneralcare.coop,46.18.172.5,2014-10-13 07:00:00 UTC
lacooperativa.coop,199.47.151.120,2014-10-13 07:00:00 UTC
prtcnet.coop,12.162.165.4,2014-10-13 07:00:00 UTC
primus.coop,178.22.57.222,2014-10-13 07:00:00 UTC
yamaguchi.coop,,2014-10-13 07:00:00 UTC
journalensemble.coop,209.44.112.66,2014-10-13 07:00:00 UTC
rhizobiome.coop,91.121.81.75,2014-10-13 07:00:00 UTC
lala.coop,,2014-10-13 07:00:00 UTC
cooperativeeconomy.coop,,2014-10-13 07:00:00 UTC
rabotnik.coop,46.4.85.36,2014-10-13 07:00:00 UTC
socialconseil.coop,212.85.128.39,2014-10-13 07:00:00 UTC
pixae.coop,165.160.13.20 165.160.15.20,2014-10-13 07:00:00 UTC
kcda.coop,,2014-10-13 07:00:00 UTC
humanforum.coop,213.186.33.17,2014-10-13 07:00:00 UTC
alicoop.coop,193.46.85.15,2014-10-13 07:00:00 UTC
valleyrec.coop,162.209.38.36,2014-10-13 07:00:00 UTC
renewableenergy.coop,217.10.159.135,2014-10-13 07:00:00 UTC
australia2012.coop,181.224.138.49,2014-10-13 07:00:00 UTC
jovenessolidarios.coop,184.106.55.101,2014-10-13 07:00:00 UTC
cooedumag.coop,212.83.147.135,2014-10-13 07:00:00 UTC
1000friends.coop,173.193.106.14,2014-10-13 07:00:00 UTC
minnkota.coop,173.193.105.242,2014-10-13 07:00:00 UTC
olcsanluis.coop,,2014-10-13 07:00:00 UTC
tomatina.coop,,2014-10-13 07:00:00 UTC
co-operativerental.coop,127.0.0.1,2014-10-13 07:00:00 UTC
bec.coop,173.203.42.236,2014-10-13 07:00:00 UTC
co-opchildcaresupport.coop,217.10.159.135,2014-10-13 07:00:00 UTC
groupex.coop,168.144.251.211,2014-10-13 07:00:00 UTC
ejecutivos.coop,192.185.122.252,2014-10-13 07:00:00 UTC
rhizome.coop,173.193.105.242,2014-10-13 07:00:00 UTC
lalaborieuse.coop,78.41.235.230,2014-10-13 07:00:00 UTC
dure.coop,211.239.112.200,2014-10-13 07:00:00 UTC
bfgfcu.coop,208.35.188.22,2014-10-13 07:00:00 UTC
manitoba.coop,207.161.102.123,2014-10-13 07:00:00 UTC
sapporotosou.coop,203.145.244.248,2014-10-13 07:00:00 UTC
cae22-entrepreneurs.coop,,2014-10-13 07:00:00 UTC
lacooperazioneitaliana.coop,,2014-10-13 07:00:00 UTC
esfin-gestion.coop,,2014-10-13 07:00:00 UTC
nwcfs.coop,,2014-10-13 07:00:00 UTC
masonaryservices.coop,,2014-10-13 07:00:00 UTC
southwesttransmission.coop,,2014-10-13 07:00:00 UTC
coopgpaz.coop,173.193.105.245,2014-10-13 07:00:00 UTC
somoscooperativa.coop,173.193.105.244,2014-10-13 07:00:00 UTC
database.coop,87.117.223.197,2014-10-13 07:00:00 UTC
mutualhousinggroup.coop,209.204.83.227,2014-10-13 07:00:00 UTC
cooptrentino.coop,,2014-10-13 07:00:00 UTC
ecvt.coop,,2014-10-13 07:00:00 UTC
funeralplan.coop,217.10.159.135,2014-10-13 07:00:00 UTC
eka.coop,96.45.83.173 96.45.82.83 96.45.82.241 96.45.83.119,2014-10-13 07:00:00 UTC
becu.coop,209.63.234.59,2014-10-13 07:00:00 UTC
oldcreamery.coop,69.167.139.73,2014-10-13 07:00:00 UTC
manitobayouth.coop,66.96.161.129,2014-10-13 07:00:00 UTC
sonic.coop,216.208.69.145,2014-10-13 07:00:00 UTC
mass-specc.coop,203.177.71.163,2014-10-13 07:00:00 UTC
coopgralsanmartin.coop,184.106.55.78,2014-10-13 07:00:00 UTC
soutienadomicile.coop,174.142.75.5,2014-10-13 07:00:00 UTC
meca.coop,,2014-10-13 07:00:00 UTC
pwr-net.coop,,2014-10-13 07:00:00 UTC
idahocountylightandpower.coop,,2014-10-13 07:00:00 UTC
mutualigure.coop,92.243.5.189,2014-10-13 07:00:00 UTC
cloudcooperativo.coop,,2014-10-13 07:00:00 UTC
bga.coop,98.191.62.134 70.168.205.85,2014-10-13 07:00:00 UTC
deltamizar.coop,81.88.48.113,2014-10-13 07:00:00 UTC
txcua.coop,,2014-10-13 07:00:00 UTC
blackfern.coop,,2014-10-13 07:00:00 UTC
valleytelco.coop,64.251.162.219,2014-10-13 07:00:00 UTC
juanadiaz.coop,66.147.244.217,2014-10-13 07:00:00 UTC
kcelectric.coop,198.176.183.103,2014-10-13 07:00:00 UTC
renewables.coop,64.92.110.93 173.193.105.241,2014-10-13 07:00:00 UTC
coopharma.coop,67.225.227.140,2014-10-13 07:00:00 UTC
tycocu.coop,96.45.83.45 96.45.83.148 96.45.82.116 96.45.82.179,2014-10-13 07:00:00 UTC
pwrnet.coop,98.129.229.66,2014-10-13 07:00:00 UTC
lalonja.coop,200.3.184.15,2014-10-13 07:00:00 UTC
minquadalevillage.coop,199.34.228.57,2014-10-13 07:00:00 UTC
growndowntown.coop,91.184.19.42,2014-10-13 07:00:00 UTC
alimenjaen.coop,87.98.228.20,2014-10-13 07:00:00 UTC
co-operativerentals.coop,127.0.0.1,2014-10-13 07:00:00 UTC
co-opchildcarevouchertop-up.coop,217.10.159.135,2014-10-13 07:00:00 UTC
cooperativeemployeebenefits.coop,217.10.159.135,2014-10-13 07:00:00 UTC
cae22.coop,212.85.128.39,2014-10-13 07:00:00 UTC
durham.coop,74.208.121.73 2607:f1c0:1000:307b:4b83:5f69:8632:c011,2014-10-13 07:00:00 UTC
synergis.coop,,2014-10-13 07:00:00 UTC
vivadour.coop,,2014-10-13 07:00:00 UTC
110bourgogne.coop,93.188.169.81,2014-10-13 07:00:00 UTC
esfin-participations.coop,91.216.29.35,2014-10-13 07:00:00 UTC
datacommons.coop,192.30.252.153,2014-10-13 07:00:00 UTC
idahosbounty.coop,108.166.8.232,2014-10-13 07:00:00 UTC
lliria.coop,217.76.132.160,2014-10-13 07:00:00 UTC
funeralplans.coop,217.10.159.135,2014-10-13 07:00:00 UTC
tongassfcu.coop,174.129.23.225,2014-10-13 07:00:00 UTC
arroscredit.coop,,2014-10-13 07:00:00 UTC
bed.coop,109.236.94.119,2014-10-13 07:00:00 UTC
fairmarket.coop,,2014-10-13 07:00:00 UTC
valleyview.coop,207.195.52.248,2014-10-13 07:00:00 UTC
cultthai.coop,103.13.30.227,2014-10-13 07:00:00 UTC
duvallriversidevillage.coop,199.34.228.56,2014-10-13 07:00:00 UTC
greenbutton.coop,,2014-10-13 07:00:00 UTC
llwb.coop,216.163.121.8,2014-10-13 07:00:00 UTC
renville-sibley.coop,50.57.28.127,2014-10-13 07:00:00 UTC
co-opchildcarevouchertopup.coop,217.10.159.135,2014-10-13 07:00:00 UTC
toolcity.coop,69.36.10.215,2014-10-13 07:00:00 UTC
cooperativeemployeebenefitsolutions.coop,217.10.159.135,2014-10-13 07:00:00 UTC
funerals.coop,216.58.248.48,2014-10-13 07:00:00 UTC
tools.coop,72.55.186.26,2014-10-13 07:00:00 UTC
findabalancedsolution.coop,184.173.73.183,2014-10-13 07:00:00 UTC
masters.coop,210.188.199.197,2014-10-13 07:00:00 UTC
coogranada.coop,72.167.2.128,2014-10-13 07:00:00 UTC
baldwinemc.coop,184.106.55.84,2014-10-13 07:00:00 UTC
valleywind.coop,91.102.64.147,2014-10-13 07:00:00 UTC
helechos.coop,194.143.194.253,2014-10-13 07:00:00 UTC
coloradopowerproject.coop,198.176.183.9,2014-10-13 07:00:00 UTC
independentstationers.coop,184.175.154.182,2014-10-13 07:00:00 UTC
co-operatives-uk.coop,217.10.138.12,2014-10-13 07:00:00 UTC
superfast.coop,46.18.172.10,2014-10-13 07:00:00 UTC
kinetic.coop,64.91.226.78,2014-10-13 07:00:00 UTC
balertwine.coop,66.96.161.166,2014-10-13 07:00:00 UTC
fairpoint.coop,188.165.168.37,2014-10-13 07:00:00 UTC
cooperativeenergy.coop,217.10.159.135,2014-10-13 07:00:00 UTC
cets.coop,188.64.184.178,2014-10-13 07:00:00 UTC
matanuska.coop,66.96.161.146,2014-10-13 07:00:00 UTC
arrossegur.coop,195.162.19.206,2014-10-13 07:00:00 UTC
cooperatives-east.coop,86.54.115.55,2014-10-13 07:00:00 UTC
sumac.coop,184.168.115.21,2014-10-13 07:00:00 UTC
dont-tax-my-cu.coop,173.193.105.245,2014-10-13 07:00:00 UTC
seaboardfcu.coop,216.220.236.254,2014-10-13 07:00:00 UTC
nlfccys.coop,173.193.106.11,2014-10-13 07:00:00 UTC
indesco.coop,208.91.197.7,2014-10-13 07:00:00 UTC
covama.coop,81.93.1.214,2014-10-13 07:00:00 UTC
lpccu.coop,67.210.92.243,2014-10-13 07:00:00 UTC
borderfcu.coop,173.193.105.242,2014-10-13 07:00:00 UTC
memorialmasonrycentre.coop,217.10.159.135,2014-10-13 07:00:00 UTC
browncountyrea.coop,50.57.28.127,2014-10-13 07:00:00 UTC
libreo.coop,,2014-10-13 07:00:00 UTC
columbiarea.coop,162.209.38.36,2014-10-13 07:00:00 UTC
valleyworker.coop,64.95.78.15,2014-10-13 07:00:00 UTC
nepower.coop,204.145.144.136,2014-10-13 07:00:00 UTC
funeralservices.coop,46.18.172.5,2014-10-13 07:00:00 UTC
stearnselectric.coop,,2014-10-13 07:00:00 UTC
iwate.coop,,2014-10-13 07:00:00 UTC
columbusmarket.coop,96.45.82.83 96.45.82.241 96.45.83.119 96.45.83.173,2014-10-13 07:00:00 UTC
triangletelephone.coop,216.129.224.17,2014-10-13 07:00:00 UTC
co-operativeschools.coop,80.240.94.41,2014-10-13 07:00:00 UTC
fairport.coop,70.40.197.44,2014-10-13 07:00:00 UTC
norwesthealth.coop,,2014-10-13 07:00:00 UTC
cri.coop,,2014-10-13 07:00:00 UTC
aida.coop,95.142.166.224,2014-10-13 07:00:00 UTC
cooperativeenergyclub.coop,217.10.159.135,2014-10-13 07:00:00 UTC
ceux-qui-aiment-les-lundis.coop,213.186.33.17,2014-10-13 07:00:00 UTC
tradewindscreditunion.coop,,2014-10-13 07:00:00 UTC
ct.coop,,2014-10-13 07:00:00 UTC
motors.coop,213.171.222.129,2014-10-13 07:00:00 UTC
coopnorden.coop,193.89.129.32,2014-10-13 07:00:00 UTC
memorialmasonryplan.coop,217.10.159.135,2014-10-13 07:00:00 UTC
helerenlaciudad.coop,200.47.24.16,2014-10-13 07:00:00 UTC
thelakesanddales.coop,,2014-10-13 07:00:00 UTC
seacoop.coop,188.94.192.25,2014-10-13 07:00:00 UTC
parkreservoir.coop,69.36.172.100,2014-10-13 07:00:00 UTC
notreequipe.coop,184.107.35.150,2014-10-13 07:00:00 UTC
seguro.coop,54.213.145.72,2014-10-13 07:00:00 UTC
cecoda.coop,,2014-10-13 07:00:00 UTC
funeralserviceslimited.coop,46.18.172.5,2014-10-13 07:00:00 UTC
iwb.coop,199.34.228.58,2014-10-13 07:00:00 UTC
carlosheller.coop,200.47.24.16,2014-10-13 07:00:00 UTC
comac.coop,50.62.252.1,2014-10-13 07:00:00 UTC
coopoly.coop,205.234.136.2,2014-10-13 07:00:00 UTC
paleajook.coop,173.193.105.244,2014-10-13 07:00:00 UTC
librerie.coop,89.119.84.254,2014-10-13 07:00:00 UTC
lemutant.coop,,2014-10-13 07:00:00 UTC
floridasnatural.coop,,2014-10-13 07:00:00 UTC
sumai.coop,157.112.156.77,2014-10-13 07:00:00 UTC
co-operativesdirectplus.coop,185.26.230.129,2014-10-13 07:00:00 UTC
cooperativeenergycompare.coop,217.10.159.135,2014-10-13 07:00:00 UTC
farmowners-insurance.coop,,2014-10-13 07:00:00 UTC
fairquote.coop,74.208.105.220,2014-10-13 07:00:00 UTC
genuine.coop,80.91.49.104,2014-10-13 07:00:00 UTC
palelec.coop,64.203.243.70,2014-10-13 07:00:00 UTC
midcountiescooperative.coop,,2014-10-13 07:00:00 UTC
activa.coop,,2014-10-13 07:00:00 UTC
yamanashi.coop,210.190.14.90,2014-10-13 07:00:00 UTC
cevagraf.coop,46.226.45.80,2014-10-13 07:00:00 UTC
funeralservicesltd.coop,46.18.172.5,2014-10-13 07:00:00 UTC
coopon.coop,217.10.159.135,2014-10-13 07:00:00 UTC
lichfield.coop,217.10.159.135,2014-10-13 07:00:00 UTC
palmetto.coop,64.203.243.70,2014-10-13 07:00:00 UTC
florist.coop,127.0.0.1,2014-10-13 07:00:00 UTC
geo.coop,67.217.100.85,2014-10-13 07:00:00 UTC
motorworld.coop,217.10.159.135,2014-10-13 07:00:00 UTC
fairshares.coop,66.96.147.114,2014-10-13 07:00:00 UTC
mafca.coop,66.147.244.219,2014-10-13 07:00:00 UTC
yardtomarket.coop,38.109.218.17,2014-10-13 07:00:00 UTC
coopshop.coop,,2014-10-13 07:00:00 UTC
forsakringar.coop,54.213.145.72,2014-10-13 07:00:00 UTC
palmettobrightideas.coop,64.203.243.70,2014-10-13 07:00:00 UTC
cuyp.coop,216.110.20.57,2014-10-13 07:00:00 UTC
newzealand2012.coop,173.231.12.67,2014-10-13 07:00:00 UTC
friendsandfarmers.coop,23.21.92.240,2014-10-13 07:00:00 UTC
honestweight.coop,184.173.160.30,2014-10-13 07:00:00 UTC
peanut.coop,,2014-10-13 07:00:00 UTC
fairstate.coop,162.243.96.37,2014-10-13 07:00:00 UTC
cevi.coop,95.110.230.172,2014-10-13 07:00:00 UTC
princeton.coop,217.70.184.38,2014-10-13 07:00:00 UTC
theco-operativeinsurance.coop,,2014-10-13 07:00:00 UTC
prybe.coop,174.136.25.118,2014-10-13 07:00:00 UTC
cocoa.coop,173.193.105.242 81.89.134.124,2014-10-13 07:00:00 UTC
wkt.coop,,2014-10-13 07:00:00 UTC
comaco.coop,200.110.135.121,2014-10-13 07:00:00 UTC
thecooperativeinsurance.coop,,2014-10-13 07:00:00 UTC
creapatagonia.coop,,2014-10-13 07:00:00 UTC
5thprinciple.coop,,2014-10-13 07:00:00 UTC
frieslandcampina.coop,165.160.13.20 165.160.15.20,2014-10-13 07:00:00 UTC
wktelecom.coop,205.186.186.5,2014-10-13 07:00:00 UTC
cevipe.coop,23.100.1.29,2014-10-13 07:00:00 UTC
habilis.coop,80.91.49.104,2014-10-13 07:00:00 UTC
prybevida.coop,173.193.105.242,2014-10-13 07:00:00 UTC
autoassur.coop,209.87.239.35,2014-10-13 07:00:00 UTC
coman.coop,95.142.166.224,2014-10-13 07:00:00 UTC
co-opcollege.coop,173.193.105.246,2014-10-13 07:00:00 UTC
wldcu.coop,173.193.105.246,2014-10-13 07:00:00 UTC
fromfarm2fork.coop,193.133.58.30,2014-10-13 07:00:00 UTC
oldcrow.coop,173.193.106.11,2014-10-13 07:00:00 UTC
rhw.coop,5.135.180.121,2014-10-13 07:00:00 UTC
ps-telecom.coop,173.193.106.12,2014-10-13 07:00:00 UTC
manmul.coop,208.91.199.85,2014-10-13 07:00:00 UTC
kcfc.coop,96.45.83.173 96.45.82.83 96.45.82.241 96.45.83.119,2014-10-13 07:00:00 UTC
co-opconnections.coop,74.127.88.32,2014-10-13 07:00:00 UTC
cew.coop,46.18.172.10,2014-10-13 07:00:00 UTC
habitat.coop,213.186.33.4,2014-10-13 07:00:00 UTC
autociti.coop,217.160.115.127,2014-10-13 07:00:00 UTC
laluna.coop,94.127.185.161,2014-10-13 07:00:00 UTC
cfc.coop,205.229.101.1,2014-10-13 07:00:00 UTC
psecu.coop,63.116.229.216,2014-10-13 07:00:00 UTC
tec.coop,204.248.115.60,2014-10-13 07:00:00 UTC
eastwoodmarket.coop,208.91.198.55,2014-10-13 07:00:00 UTC
wmcs.coop,217.10.138.14,2014-10-13 07:00:00 UTC
psfc.coop,216.146.46.11 216.146.46.10,2014-10-13 07:00:00 UTC
coophealth.coop,217.10.159.135,2014-10-13 07:00:00 UTC
fromfarmtofork.coop,127.0.0.1,2014-10-13 07:00:00 UTC
nexe.coop,86.109.100.118,2014-10-13 07:00:00 UTC
alinea.coop,212.85.128.39,2014-10-13 07:00:00 UTC
mip.coop,78.46.77.78,2014-10-13 07:00:00 UTC
dijon-cereales.coop,93.188.169.84,2014-10-13 07:00:00 UTC
cae29.coop,217.70.184.38,2014-10-13 07:00:00 UTC
psfcu.coop,151.198.253.195,2014-10-13 07:00:00 UTC
co-opconsortia.coop,217.10.159.135,2014-10-13 07:00:00 UTC
tzbz.coop,134.0.9.99,2014-10-13 07:00:00 UTC
nexos.coop,190.8.176.186,2014-10-13 07:00:00 UTC
pzworkers.coop,185.56.85.29,2014-10-13 07:00:00 UTC
radatilly.coop,200.24.248.3,2014-10-13 07:00:00 UTC
buyfairtrade.coop,173.193.105.245,2014-10-13 07:00:00 UTC
lamaisondesentreprisesdecoeur.coop,173.193.105.244,2014-10-13 07:00:00 UTC
psmundus.coop,69.175.87.226,2014-10-13 07:00:00 UTC
tech.coop,66.147.240.99,2014-10-13 07:00:00 UTC
cfca.coop,92.103.166.45,2014-10-13 07:00:00 UTC
repco.coop,208.113.153.250,2014-10-13 07:00:00 UTC
dw.coop,173.193.105.241,2014-10-13 07:00:00 UTC
wmgt.coop,66.109.128.79,2014-10-13 07:00:00 UTC
chea.coop,198.58.101.222,2014-10-13 07:00:00 UTC
coophealthcare.coop,217.10.159.135,2014-10-13 07:00:00 UTC
robo.coop,213.215.222.54,2014-10-13 07:00:00 UTC
oec.coop,173.193.105.241,2014-10-13 07:00:00 UTC
dillpickle.coop,173.236.153.255,2014-10-13 07:00:00 UTC
origine.coop,91.121.74.90,2014-10-13 07:00:00 UTC
nfca.coop,68.233.165.253,2014-10-13 07:00:00 UTC
hcc.coop,66.220.80.4,2014-10-13 07:00:00 UTC
comarapa.coop,192.185.111.220,2014-10-13 07:00:00 UTC
orion.coop,207.253.182.18,2014-10-13 07:00:00 UTC
ruralfiberconnections.coop,216.239.34.21 216.239.36.21 216.239.38.21 173.193.105.246 216.239.32.21,2014-10-13 07:00:00 UTC
dwealthmanagement.coop,72.52.10.14,2014-10-13 07:00:00 UTC
oecc.coop,216.163.121.31,2014-10-13 07:00:00 UTC
sociale.coop,95.141.45.42,2014-10-13 07:00:00 UTC
dynaco.coop,104.156.70.76,2014-10-13 07:00:00 UTC
cheap-cruises.coop,173.193.105.242,2014-10-13 07:00:00 UTC
radiantec.coop,69.167.134.255,2014-10-13 07:00:00 UTC
mycunamutual.coop,173.193.105.246,2014-10-13 07:00:00 UTC
cjn.coop,190.186.38.83,2014-10-13 07:00:00 UTC
cheap-flights.coop,85.13.238.2,2014-10-13 07:00:00 UTC
coophealthcareservices.coop,217.10.159.135,2014-10-13 07:00:00 UTC
ipemed.coop,5.10.105.46,2014-10-13 07:00:00 UTC
garlic.coop,192.185.158.101,2014-10-13 07:00:00 UTC
cooperatorsonline.coop,173.193.105.243,2014-10-13 07:00:00 UTC
dynamite.coop,66.34.49.141,2014-10-13 07:00:00 UTC
mycuservicessucks.coop,66.96.161.150,2014-10-13 07:00:00 UTC
cjs.coop,184.107.100.88,2014-10-13 07:00:00 UTC
orkli.coop,81.88.48.71,2014-10-13 07:00:00 UTC
enchantment.coop,216.184.2.32,2014-10-13 07:00:00 UTC
hilohealth.coop,74.220.207.184,2014-10-13 07:00:00 UTC
u-kyosai.coop,119.245.231.39,2014-10-13 07:00:00 UTC
hcca.coop,92.103.166.45,2014-10-13 07:00:00 UTC
cheap-holidays.coop,81.144.197.90,2014-10-13 07:00:00 UTC
ipphone.coop,167.142.155.12,2014-10-13 07:00:00 UTC
agrial.coop,178.33.14.81,2014-10-13 07:00:00 UTC
openspace.coop,81.95.52.110,2014-10-13 07:00:00 UTC
orkoop.coop,185.46.52.24 173.193.105.245,2014-10-13 07:00:00 UTC
hccu.coop,66.175.58.9,2014-10-13 07:00:00 UTC
ctc.coop,208.101.213.23,2014-10-13 07:00:00 UTC
garun-paysanne.coop,213.186.33.87,2014-10-13 07:00:00 UTC
aiec.coop,208.80.144.110,2014-10-13 07:00:00 UTC
trico.coop,198.36.144.216,2014-10-13 07:00:00 UTC
seafoodproducers.coop,173.193.105.245 50.63.215.163,2014-10-13 07:00:00 UTC
carmel.coop,182.54.236.24,2014-10-13 07:00:00 UTC
pop.coop,77.92.80.236,2014-10-13 07:00:00 UTC
arrowhead.coop,216.70.15.163,2014-10-13 07:00:00 UTC
crims.coop,65.61.234.5,2014-10-13 07:00:00 UTC
cooperazione.coop,80.92.90.41,2014-10-13 07:00:00 UTC
agriconfiance.coop,92.103.166.45,2014-10-13 07:00:00 UTC
memorialmasonryplans.coop,217.10.159.135,2014-10-13 07:00:00 UTC
theleague.coop,74.219.136.150,2014-10-13 07:00:00 UTC
ornamental.coop,192.185.158.101,2014-10-13 07:00:00 UTC
robsonpark.coop,207.102.64.27,2014-10-13 07:00:00 UTC
partagora.coop,209.44.112.66,2014-10-13 07:00:00 UTC
iwdc.coop,50.23.253.122,2014-10-13 07:00:00 UTC
hcd.coop,173.193.106.11,2014-10-13 07:00:00 UTC
seguroeticosolidario.coop,217.76.128.220,2014-10-13 07:00:00 UTC
seatonvalley.coop,173.193.106.12,2014-10-13 07:00:00 UTC
orpi.coop,185.26.230.137,2014-10-13 07:00:00 UTC
cooperativeenergyswitch.coop,217.10.159.135,2014-10-13 07:00:00 UTC
activtrace.coop,12.10.126.211,2014-10-13 07:00:00 UTC
nli.coop,208.70.162.36,2014-10-13 07:00:00 UTC
tricoelectric.coop,198.36.144.202,2014-10-13 07:00:00 UTC
arrowheadcreditunion.coop,74.204.78.44,2014-10-13 07:00:00 UTC
cecop.coop,65.60.53.10,2014-10-13 07:00:00 UTC
co-operativeshare.coop,127.0.0.1,2014-10-13 07:00:00 UTC
heller.coop,200.47.24.16,2014-10-13 07:00:00 UTC
connexions.coop,5.135.187.130,2014-10-13 07:00:00 UTC
sciservices.coop,206.155.92.212 173.193.105.242,2014-10-13 07:00:00 UTC
midcountiesgottalent.coop,217.10.159.135,2014-10-13 07:00:00 UTC
centralenglandco-operative.coop,165.160.13.20 165.160.15.20,2014-10-13 07:00:00 UTC
memorials.coop,165.160.15.20 165.160.13.20,2014-10-13 07:00:00 UTC
cecosol.coop,199.115.125.42,2014-10-13 07:00:00 UTC
thelittlepioneers.coop,217.10.159.135,2014-10-13 07:00:00 UTC
rochdale-pioneers.coop,185.26.230.129,2014-10-13 07:00:00 UTC
iworld.coop,50.63.100.1,2014-10-13 07:00:00 UTC
mountain.coop,23.239.3.190,2014-10-13 07:00:00 UTC
canopy.coop,217.70.184.38,2014-10-13 07:00:00 UTC
arbracoop.coop,217.70.184.38,2014-10-13 07:00:00 UTC
lending.coop,207.214.154.20 207.214.154.21,2014-10-13 07:00:00 UTC
oryana.coop,184.106.101.183,2014-10-13 07:00:00 UTC
magerezasacco.coop,192.185.144.194,2014-10-13 07:00:00 UTC
palmettoelectric.coop,64.203.243.70,2014-10-13 07:00:00 UTC
pec.coop,72.52.14.46,2014-10-13 07:00:00 UTC
georgiacommunicationscooperative.coop,173.193.105.246,2014-10-13 07:00:00 UTC
flowcomputing.coop,173.193.105.242,2014-10-13 07:00:00 UTC
nmelectric.coop,216.184.2.32,2014-10-13 07:00:00 UTC
cooponline.coop,46.18.172.5,2014-10-13 07:00:00 UTC
hcde.coop,173.193.106.10,2014-10-13 07:00:00 UTC
themerc.coop,69.16.249.228,2014-10-13 07:00:00 UTC
seguros.coop,54.213.145.72,2014-10-13 07:00:00 UTC
yellowknife.coop,173.193.105.245,2014-10-13 07:00:00 UTC
arrowheadcu.coop,74.204.78.44,2014-10-13 07:00:00 UTC
tricountyelectric.coop,173.193.106.10,2014-10-13 07:00:00 UTC
zenrosai-saga.coop,180.222.81.63,2014-10-13 07:00:00 UTC
cvc.coop,66.220.128.14,2014-10-13 07:00:00 UTC
actua-servicios.coop,87.106.7.164 2001:8d8:865:b600:0:0:4:f57d,2014-10-13 07:00:00 UTC
coopsinwales.coop,173.193.106.14,2014-10-13 07:00:00 UTC
scliving.coop,75.101.132.169,2014-10-13 07:00:00 UTC
cecpower.coop,208.109.119.1,2014-10-13 07:00:00 UTC
midcountieslearning.coop,78.137.114.168,2014-10-13 07:00:00 UTC
forsikring.coop,54.213.145.72,2014-10-13 07:00:00 UTC
magfedcu.coop,63.251.171.80 63.251.171.81 66.150.161.140 66.150.161.141 69.25.27.170 69.25.27.173,2014-10-13 07:00:00 UTC
menatwork.coop,134.255.177.44,2014-10-13 07:00:00 UTC
nmncu.coop,74.81.223.35,2014-10-13 07:00:00 UTC
lenis.coop,54.235.241.126,2014-10-13 07:00:00 UTC
agriculture-cooperative.coop,92.103.166.45,2014-10-13 07:00:00 UTC
tricountyelectriccoop.coop,162.209.38.36,2014-10-13 07:00:00 UTC
creative.coop,104.28.18.118 104.28.19.118 2400:cb00:2048:1:0:0:681c:1376 2400:cb00:2048:1:0:0:681c:1276,2014-10-13 07:00:00 UTC
palouse.coop,72.167.232.203,2014-10-13 07:00:00 UTC
sumawholesale.coop,89.145.74.25,2014-10-13 07:00:00 UTC
yelmfood.coop,74.63.195.34,2014-10-13 07:00:00 UTC
cantiere.coop,80.91.53.37,2014-10-13 07:00:00 UTC
coopdefrance-lr.coop,217.70.184.38,2014-10-13 07:00:00 UTC
themix.coop,66.147.240.179,2014-10-13 07:00:00 UTC
cooponlinedoctor.coop,217.10.159.135,2014-10-13 07:00:00 UTC
nnec.coop,162.209.38.36,2014-10-13 07:00:00 UTC
flowers.coop,212.118.239.98,2014-10-13 07:00:00 UTC
yfcu.coop,204.12.52.131,2014-10-13 07:00:00 UTC
seguroseticos.coop,217.76.128.220,2014-10-13 07:00:00 UTC
cedaropportunities.coop,199.246.72.170,2014-10-13 07:00:00 UTC
theco-operativeinsurancesociety.coop,,2014-10-13 07:00:00 UTC
yflcs.coop,208.91.197.7,2014-10-13 07:00:00 UTC
cvctokyo.coop,219.118.222.227,2014-10-13 07:00:00 UTC
thencbs.coop,185.26.230.129,2014-10-13 07:00:00 UTC
arca.coop,85.235.130.65,2014-10-13 07:00:00 UTC
ger.coop,,2014-10-13 07:00:00 UTC
flug.coop,87.106.77.128,2014-10-13 07:00:00 UTC
mutualsupport.coop,,2014-10-13 07:00:00 UTC
cve.coop,207.46.203.140,2014-10-13 07:00:00 UTC
lacoopfederee.coop,,2014-10-13 07:00:00 UTC
cedc.coop,216.185.152.158,2014-10-13 07:00:00 UTC
kchsunion.coop,173.193.106.10,2014-10-13 07:00:00 UTC
gesa.coop,173.193.105.245,2014-10-13 07:00:00 UTC
mantalo-conseil.coop,217.70.184.38,2014-10-13 07:00:00 UTC
ygr.coop,69.89.31.219,2014-10-13 07:00:00 UTC
autoeco.coop,217.70.184.38,2014-10-13 07:00:00 UTC
nnpccoop.coop,5.77.34.246,2014-10-13 07:00:00 UTC
culturacooperativa.coop,173.193.106.13,2014-10-13 07:00:00 UTC
frontier.coop,207.32.0.7,2014-10-13 07:00:00 UTC
co-opcu.coop,147.202.96.213,2014-10-13 07:00:00 UTC
fluidentity.coop,93.190.235.135,2014-10-13 07:00:00 UTC
buypoint.coop,173.193.106.11,2014-10-13 07:00:00 UTC
mvea.coop,208.70.162.36,2014-10-13 07:00:00 UTC
cvec.coop,50.57.28.127,2014-10-13 07:00:00 UTC
alivecu.coop,96.47.221.83,2014-10-13 07:00:00 UTC
kuujjuaq.coop,207.96.246.22,2014-10-13 07:00:00 UTC
aerotaxi.coop,,2014-10-13 07:00:00 UTC
mirabot.coop,50.56.49.247,2014-10-13 07:00:00 UTC
frontierccu.coop,98.130.228.200,2014-10-13 07:00:00 UTC
personalplusbeleggen.coop,,2014-10-13 07:00:00 UTC
top-100.coop,178.20.158.138,2014-10-13 07:00:00 UTC
mvec.coop,97.64.204.4,2014-10-13 07:00:00 UTC
ensemble.coop,217.70.184.38,2014-10-13 07:00:00 UTC
mantalo.coop,217.70.184.38,2014-10-13 07:00:00 UTC
autogestion.coop,37.26.243.143,2014-10-13 07:00:00 UTC
sleepinggiant.coop,,2014-10-13 07:00:00 UTC
viviendaconfiar.coop,,2014-10-13 07:00:00 UTC
greencampus.coop,,2014-10-13 07:00:00 UTC
elite.coop,216.208.69.180,2014-10-13 07:00:00 UTC
eatonfamilycu.coop,,2014-10-13 07:00:00 UTC
soy.coop,,2014-10-13 07:00:00 UTC
donttaxmycreditunion.coop,66.228.53.58,2014-10-13 07:00:00 UTC
mystore.coop,69.7.231.149,2014-10-13 07:00:00 UTC
flujabs.coop,46.18.172.5,2014-10-13 07:00:00 UTC
india.coop,173.193.105.242,2014-10-13 07:00:00 UTC
mon-credit-cooperatif.coop,,2014-10-13 07:00:00 UTC
lpea.coop,206.123.221.83,2014-10-13 07:00:00 UTC
grundy.coop,,2014-10-13 07:00:00 UTC
support.coop,,2014-10-13 07:00:00 UTC
habitation-familiale.coop,91.121.54.93,2014-10-13 07:00:00 UTC
aet.coop,80.88.95.65,2014-10-13 07:00:00 UTC
datasilo.coop,,2014-10-13 07:00:00 UTC
smile.coop,,2014-10-13 07:00:00 UTC
socialesco.coop,94.236.75.32,2014-10-13 07:00:00 UTC
ruralia.coop,176.28.114.98,2014-10-13 07:00:00 UTC
glenergy.coop,64.68.224.27,2014-10-13 07:00:00 UTC
rice.coop,,2014-10-13 07:00:00 UTC
kineticcreditunion.coop,,2014-10-13 07:00:00 UTC
voisinage.coop,212.85.128.39,2014-10-13 07:00:00 UTC
reply.coop,,2014-10-13 07:00:00 UTC
greencity.coop,80.82.125.118,2014-10-13 07:00:00 UTC
cjsc.coop,173.201.209.128,2014-10-13 07:00:00 UTC
riceland.coop,67.220.50.174,2014-10-13 07:00:00 UTC
dynamix.coop,79.170.40.33,2014-10-13 07:00:00 UTC
lrec.coop,216.235.168.131,2014-10-13 07:00:00 UTC
encis.coop,178.33.115.155,2014-10-13 07:00:00 UTC
no-trouble.coop,202.247.114.212,2014-10-13 07:00:00 UTC
datasystems.coop,143.95.103.206,2014-10-13 07:00:00 UTC
nest.coop,,2014-10-13 07:00:00 UTC
openweb.coop,217.70.184.38,2014-10-13 07:00:00 UTC
dyouthservices.coop,72.52.10.14,2014-10-13 07:00:00 UTC
tradewsindscu.coop,,2014-10-13 07:00:00 UTC
voix-publique.coop,213.186.33.82,2014-10-13 07:00:00 UTC
ournetwork.coop,,2014-10-13 07:00:00 UTC
u-toyama.coop,,2014-10-13 07:00:00 UTC
fenoreste.coop,,2014-10-13 07:00:00 UTC
afascl.coop,200.61.186.51,2014-10-13 07:00:00 UTC
ctcak.coop,,2014-10-13 07:00:00 UTC
hiroshima.coop,210.156.140.146,2014-10-13 07:00:00 UTC
bgm.coop,,2014-10-13 07:00:00 UTC
coopafer-mg.coop,,2014-10-13 07:00:00 UTC
u1cu.coop,153.69.200.17,2014-10-13 07:00:00 UTC
farmownersinsurance.coop,,2014-10-13 07:00:00 UTC
ourtable.coop,108.166.170.106 108.166.170.111,2014-10-13 07:00:00 UTC
crinet.coop,,2014-10-13 07:00:00 UTC
nestown.coop,5.148.171.173,2014-10-13 07:00:00 UTC
cooperativeexchange.coop,63.68.155.150,2014-10-13 07:00:00 UTC
nouvelle-agriculture.coop,,2014-10-13 07:00:00 UTC
voixpublique.coop,212.85.128.39,2014-10-13 07:00:00 UTC
ctec.coop,50.57.28.127,2014-10-13 07:00:00 UTC
carolinafoothillsfcu.coop,,2014-10-13 07:00:00 UTC
fens.coop,195.8.169.98,2014-10-13 07:00:00 UTC
goodwithhealth.coop,,2014-10-13 07:00:00 UTC
trafilcoop.coop,195.110.124.133,2014-10-13 07:00:00 UTC
funeralsonline.coop,,2014-10-13 07:00:00 UTC
insidebasin.coop,,2014-10-13 07:00:00 UTC
crm.coop,82.165.196.205,2014-10-13 07:00:00 UTC
cooperazioneitaliana.coop,,2014-10-13 07:00:00 UTC
calame.coop,,2014-10-13 07:00:00 UTC
coopagora.coop,93.188.169.77,2014-10-13 07:00:00 UTC
ourtrust.coop,173.193.105.244,2014-10-13 07:00:00 UTC
farnell.coop,46.18.172.5,2014-10-13 07:00:00 UTC
rochdalefarms.coop,23.236.62.147,2014-10-13 07:00:00 UTC
lidacapital.coop,,2014-10-13 07:00:00 UTC
fairtrade.coop,173.193.105.243,2014-10-13 07:00:00 UTC
partecipazione.coop,,2014-10-13 07:00:00 UTC
centrali.coop,95.110.204.79,2014-10-13 07:00:00 UTC
net-alliance.coop,193.46.85.13,2014-10-13 07:00:00 UTC
